-- DataTeaCup seed data. Run after schema/01_schema.sql.
USE `data_platform`;

/*!40101 SET @OLD_CHARACTER_SET_CLIENT=@@CHARACTER_SET_CLIENT */;
/*!40101 SET @OLD_CHARACTER_SET_RESULTS=@@CHARACTER_SET_RESULTS */;
/*!40101 SET @OLD_COLLATION_CONNECTION=@@COLLATION_CONNECTION */;
/*!50503 SET NAMES utf8mb4 */;
/*!40103 SET @OLD_TIME_ZONE=@@TIME_ZONE */;
/*!40103 SET TIME_ZONE='+00:00' */;
/*!40014 SET @OLD_UNIQUE_CHECKS=@@UNIQUE_CHECKS, UNIQUE_CHECKS=0 */;
/*!40014 SET @OLD_FOREIGN_KEY_CHECKS=@@FOREIGN_KEY_CHECKS, FOREIGN_KEY_CHECKS=0 */;
/*!40101 SET @OLD_SQL_MODE=@@SQL_MODE, SQL_MODE='NO_AUTO_VALUE_ON_ZERO' */;
/*!40111 SET @OLD_SQL_NOTES=@@SQL_NOTES, SQL_NOTES=0 */;

LOCK TABLES `sys_config` WRITE;
/*!40000 ALTER TABLE `sys_config` DISABLE KEYS */;
INSERT INTO `sys_config` (`id`, `config_key`, `config_value`, `config_type`, `config_desc`, `is_system`, `create_time`, `update_time`) VALUES (3,'system.title','DataTeaCup 数据平台','string','系统标题',1,'2026-06-21 18:43:25','2026-06-21 18:43:25'),(4,'export.max_records','100000','number','最大导出记录数',1,'2026-06-21 18:43:25','2026-06-21 18:43:25'),(5,'session.timeout','30','number','会话超时时间(分钟)',1,'2026-06-21 18:43:25','2026-06-21 18:43:25'),(7,'system.copyright','DataTeaCup © 2026','string','系统版权信息',1,'2026-06-21 18:46:35','2026-06-21 18:46:35');
/*!40000 ALTER TABLE `sys_config` ENABLE KEYS */;
UNLOCK TABLES;

LOCK TABLES `sys_ai_config` WRITE;
/*!40000 ALTER TABLE `sys_ai_config` DISABLE KEYS */;
INSERT INTO `sys_ai_config` (`id`, `config_key`, `config_value`, `description`, `create_time`, `update_time`) VALUES (1,'provider','deepseek','AI服务商：openai/qwen/deepseek/ollama','2026-06-21 18:43:25','2026-06-21 18:43:25'),(2,'openai_api_key','','OpenAI API密钥','2026-06-21 18:43:25','2026-06-21 18:43:25'),(3,'openai_base_url','https://api.openai.com/v1','OpenAI API地址','2026-06-21 18:43:25','2026-06-21 18:43:25'),(4,'openai_model','gpt-3.5-turbo','OpenAI模型','2026-06-21 18:43:25','2026-06-21 18:43:25'),(5,'qwen_api_key','','千问API密钥','2026-06-21 18:43:25','2026-06-21 18:43:25'),(6,'qwen_base_url','https://dashscope.aliyuncs.com/api/v1','千问API地址','2026-06-21 18:43:25','2026-06-21 18:43:25'),(7,'qwen_model','qwen-turbo','千问模型','2026-06-21 18:43:25','2026-06-21 18:43:25'),(8,'deepseek_api_key','','DeepSeek API密钥','2026-06-21 18:43:25','2026-06-21 18:43:25'),(9,'deepseek_base_url','https://api.deepseek.com','DeepSeek API地址','2026-06-21 18:43:25','2026-06-21 18:43:25'),(10,'deepseek_model','deepseek-v4-flash','DeepSeek模型','2026-06-21 18:43:25','2026-06-21 18:43:25'),(11,'ollama_base_url','http://localhost:11434','Ollama API地址','2026-06-21 18:43:25','2026-06-21 18:43:25'),(12,'ollama_model','llama3','Ollama模型','2026-06-21 18:43:25','2026-06-21 18:43:25'),(13,'max_history','5','对话历史记录数','2026-06-21 18:43:25','2026-06-21 18:43:25');
/*!40000 ALTER TABLE `sys_ai_config` ENABLE KEYS */;
UNLOCK TABLES;

LOCK TABLES `sys_permission` WRITE;
/*!40000 ALTER TABLE `sys_permission` DISABLE KEYS */;
INSERT INTO `sys_permission` (`id`, `permission_name`, `permission_code`, `description`, `create_time`) VALUES (35,'数据源管理','data:source','数据源增删改查','2026-06-21 18:43:25'),(36,'数据采集','data:collect','数据采集任务管理','2026-06-21 18:43:25'),(37,'采集日志','data:collect:log','采集日志查看','2026-06-21 18:43:25'),(38,'数据导入','data:import','数据导入功能','2026-06-21 18:43:25'),(39,'DataX任务','datax:job','DataX传输任务管理','2026-06-21 18:43:25'),(40,'DataX日志','datax:log','DataX执行日志查看','2026-06-21 18:43:25'),(41,'数据库管理','db:manager','数据库管理功能','2026-06-21 18:43:25'),(42,'流程管理','pipeline:manage','数据流程管理','2026-06-21 18:43:25'),(43,'流程设计','pipeline:design','数据流程设计','2026-06-21 18:43:25'),(44,'流程执行','pipeline:execute','数据流程执行监控','2026-06-21 18:43:25'),(45,'流程日志','pipeline:log','流程执行日志查看','2026-06-21 18:43:25'),(46,'报表查询','report:query','报表查询导出','2026-06-21 18:43:25'),(47,'报表管理','report:manage','报表增删改查','2026-06-21 18:43:25'),(48,'报表设计','report:design','报表设计编辑','2026-06-21 18:43:25'),(49,'图表管理','chart:manage','图表增删改查','2026-06-21 18:43:25'),(50,'图表设计','chart:design','图表设计编辑','2026-06-21 18:43:25'),(51,'页面管理','page:manage','页面增删改查','2026-06-21 18:43:25'),(52,'页面设计','page:design','页面设计编辑','2026-06-21 18:43:25'),(53,'数据视图管理','dataview:manage','数据视图配置管理','2026-06-21 18:43:25'),(54,'表数据管理','tabledata:manage','表数据增删改查','2026-06-21 18:43:25'),(55,'用户管理','user:manage','用户增删改查','2026-06-21 18:43:25'),(56,'角色管理','role:manage','角色增删改查','2026-06-21 18:43:25'),(57,'菜单管理','menu:manage','菜单增删改查','2026-06-21 18:43:25'),(58,'系统监控','system:monitor','系统监控查看','2026-06-21 18:43:25'),(59,'操作日志','log:operation','操作日志查询','2026-06-21 18:43:25'),(60,'公告管理','announcement:manage','公告增删改查','2026-06-21 18:43:25'),(61,'AI助手访问','ai:assistant','允许用户使用AI助手功能','2026-06-21 18:43:25'),(62,'数据血缘','data:lineage','数据血缘关系查看','2026-06-21 18:43:25'),(63,'数据字典','dict:manage','数据字典管理','2026-06-21 18:43:25'),(64,'系统配置','system:config','系统配置管理','2026-06-21 18:43:25'),(65,'部门管理','department:manage','部门增删改查','2026-06-21 18:43:25'),(66,'岗位管理','post:manage','岗位增删改查','2026-06-21 18:43:25'),(67,'即时通讯','chat:conversation','即时通讯功能','2026-06-21 18:43:25'),(68,'数据质量','data:quality','数据质量管理','2026-06-21 18:43:25'),(69,'查询构建器','query:builder','查询构建器功能','2026-06-21 18:43:25'),(70,'数据同步','datasync:manage','数据同步管理','2026-06-21 18:43:25'),(71,'报表版本','report:version','报表版本管理','2026-06-21 18:43:25'),(72,'行级安全','rls:config','行级安全配置','2026-06-21 18:43:25'),(73,'工单管理','ticket:manage','工单增删改查','2026-06-21 18:43:25'),(74,'知识库','ticket:knowledge','知识库管理','2026-06-21 18:43:25'),(75,'使用统计','usage:stats','使用统计查看','2026-06-21 18:43:25'),(76,'在线升级','upgrade:manage','在线升级管理','2026-06-21 18:43:25'),(77,'运维管理','ops:manage','运维工具管理','2026-06-21 18:43:25');
/*!40000 ALTER TABLE `sys_permission` ENABLE KEYS */;
UNLOCK TABLES;

LOCK TABLES `sys_menu` WRITE;
/*!40000 ALTER TABLE `sys_menu` DISABLE KEYS */;
INSERT INTO `sys_menu` (`id`, `menu_name`, `menu_code`, `parent_id`, `menu_type`, `route_path`, `component_path`, `icon`, `sort_order`, `is_visible`, `mobile_visible`, `permission_code`, `report_id`, `chart_id`, `page_id`, `data_view_code`, `open_mode`, `badge`, `create_time`, `update_time`) VALUES (1,'仪表盘','Dashboard',0,'menu','/dashboard',NULL,'HomeOutline',1,1,1,NULL,NULL,NULL,NULL,NULL,'tab',NULL,'2026-06-21 18:43:25','2026-06-21 18:43:25'),(2,'数据采集','DataCollect',0,'directory',NULL,NULL,'CloudDownloadOutline',2,1,1,NULL,NULL,NULL,NULL,NULL,'tab',NULL,'2026-06-21 18:43:25','2026-06-21 18:43:25'),(3,'数据传输','DataTransfer',0,'directory',NULL,NULL,'SwapHorizontalOutline',3,1,1,NULL,NULL,NULL,NULL,NULL,'tab',NULL,'2026-06-21 18:43:25','2026-06-21 18:43:25'),(4,'数据流程','DataPipeline',0,'directory',NULL,NULL,'GitNetworkOutline',4,1,1,NULL,NULL,NULL,NULL,NULL,'tab',NULL,'2026-06-21 18:43:25','2026-06-21 18:43:25'),(5,'报表中心','ReportCenter',0,'directory',NULL,NULL,'DocumentTextOutline',5,1,1,NULL,NULL,NULL,NULL,NULL,'tab',NULL,'2026-06-21 18:43:25','2026-06-21 18:43:25'),(6,'图表中心','ChartCenter',0,'directory',NULL,NULL,'BarChartOutline',6,1,1,NULL,NULL,NULL,NULL,NULL,'tab',NULL,'2026-06-21 18:43:25','2026-06-21 18:43:25'),(7,'数据管理','DataManage',0,'directory',NULL,NULL,'FolderOpenOutline',7,1,1,NULL,NULL,NULL,NULL,NULL,'tab',NULL,'2026-06-21 18:43:25','2026-06-21 18:43:25'),(8,'系统功能','System',0,'directory',NULL,NULL,'SettingsOutline',8,1,1,NULL,NULL,NULL,NULL,NULL,'tab',NULL,'2026-06-21 18:43:25','2026-06-21 18:43:25'),(9,'系统监控','SystemMonitor',0,'menu','/system-monitor',NULL,'PulseOutline',10,1,1,'system:monitor',NULL,NULL,NULL,NULL,'tab',NULL,'2026-06-21 18:43:25','2026-06-21 18:43:25'),(10,'采集任务','CollectTask',2,'menu','/data-collect',NULL,'ListOutline',1,1,1,'data:collect',NULL,NULL,NULL,NULL,'tab',NULL,'2026-06-21 18:43:25','2026-06-21 18:43:25'),(11,'采集日志','CollectLog',2,'menu','/collect-log',NULL,'DocumentTextOutline',2,1,1,'data:collect:log',NULL,NULL,NULL,NULL,'tab',NULL,'2026-06-21 18:43:25','2026-06-21 18:43:25'),(12,'数据导入','DataImport',2,'menu','/data-import',NULL,'CloudUploadOutline',3,1,1,'data:import',NULL,NULL,NULL,NULL,'tab',NULL,'2026-06-21 18:43:25','2026-06-21 18:43:25'),(20,'传输概览','DataxOverview',3,'menu','/datax',NULL,'GridOutline',1,1,1,'datax:job',NULL,NULL,NULL,NULL,'tab',NULL,'2026-06-21 18:43:25','2026-06-21 18:43:25'),(21,'传输任务','DataxJob',3,'menu','/datax/job',NULL,'SwapHorizontalOutline',2,1,1,'datax:job',NULL,NULL,NULL,NULL,'tab',NULL,'2026-06-21 18:43:25','2026-06-21 18:43:25'),(22,'传输日志','DataxLog',3,'menu','/datax/log',NULL,'DocumentTextOutline',3,1,1,'datax:log',NULL,NULL,NULL,NULL,'tab',NULL,'2026-06-21 18:43:25','2026-06-21 18:43:25'),(30,'流程管理','PipelineManage',4,'menu','/pipeline/manage',NULL,'ListOutline',1,1,1,'pipeline:manage',NULL,NULL,NULL,NULL,'tab',NULL,'2026-06-21 18:43:25','2026-06-21 18:43:25'),(31,'执行监控','PipelineMonitor',4,'menu','/pipeline/monitor',NULL,'EyeOutline',2,1,1,'pipeline:execute',NULL,NULL,NULL,NULL,'tab',NULL,'2026-06-21 18:43:25','2026-06-21 18:43:25'),(32,'执行日志','PipelineLog',4,'menu','/pipeline/log',NULL,'DocumentTextOutline',3,1,1,'pipeline:log',NULL,NULL,NULL,NULL,'tab',NULL,'2026-06-21 18:43:25','2026-06-21 18:43:25'),(40,'报表查询','Report',5,'menu','/report',NULL,'SearchOutline',1,1,1,'report:query',NULL,NULL,NULL,NULL,'tab',NULL,'2026-06-21 18:43:25','2026-06-21 18:43:25'),(41,'报表管理','ReportManage',5,'menu','/report-manage',NULL,'DocumentsOutline',2,1,1,'report:manage',NULL,NULL,NULL,NULL,'tab',NULL,'2026-06-21 18:43:25','2026-06-21 18:43:25'),(42,'报表版本','ReportVersion',5,'menu','/report-version',NULL,'GitCommitOutline',3,1,1,'report:version',NULL,NULL,NULL,NULL,'tab',NULL,'2026-06-21 18:43:25','2026-06-21 18:43:25'),(50,'图表管理','ChartManage',6,'menu','/chart-manage',NULL,'StatsChartOutline',1,1,1,'chart:manage',NULL,NULL,NULL,NULL,'tab',NULL,'2026-06-21 18:43:25','2026-06-21 18:43:25'),(51,'图表查看','ChartCenterView',6,'menu','/chart-center',NULL,'AnalyticsOutline',2,1,1,NULL,NULL,NULL,NULL,NULL,'tab',NULL,'2026-06-21 18:43:25','2026-06-21 18:43:25'),(52,'页面管理','PageManage',6,'menu','/page-manage',NULL,'GridOutline',3,1,1,'page:manage',NULL,NULL,NULL,NULL,'tab',NULL,'2026-06-21 18:43:25','2026-06-21 18:43:25'),(53,'AI智能图表','AiChartDesign',6,'menu','/ai-chart-design',NULL,'SparklesOutline',4,1,1,'chart:design',NULL,NULL,NULL,NULL,'tab',NULL,'2026-06-21 18:43:25','2026-06-21 18:43:25'),(60,'数据库管理','DatabaseManager',7,'menu','/db-manager',NULL,'ServerOutline',1,1,1,'db:manager',NULL,NULL,NULL,NULL,'tab',NULL,'2026-06-21 18:43:25','2026-06-21 18:43:25'),(61,'数据视图管理','DataViewManage',7,'menu','/data-view-manage',NULL,'EyeOutline',2,1,1,'dataview:manage',NULL,NULL,NULL,NULL,'tab',NULL,'2026-06-21 18:43:25','2026-06-21 18:43:25'),(62,'表数据管理','TableDataManage',7,'menu','/table-data-manage',NULL,'GridOutline',3,1,1,'tabledata:manage',NULL,NULL,NULL,NULL,'tab',NULL,'2026-06-21 18:43:25','2026-06-21 18:43:25'),(63,'数据血缘','DataLineage',7,'menu','/data-lineage',NULL,'GitBranchOutline',4,1,1,'data:lineage',NULL,NULL,NULL,NULL,'tab',NULL,'2026-06-21 18:43:25','2026-06-21 18:43:25'),(64,'数据质量','DataQuality',7,'menu','/data-quality',NULL,'CheckmarkCircleOutline',5,1,1,'data:quality',NULL,NULL,NULL,NULL,'tab',NULL,'2026-06-21 18:43:25','2026-06-21 18:43:25'),(65,'查询构建器','QueryBuilder',7,'menu','/query-builder',NULL,'CodeSlashOutline',6,1,1,'query:builder',NULL,NULL,NULL,NULL,'tab',NULL,'2026-06-21 18:43:25','2026-06-21 18:43:25'),(66,'数据同步','DataSync',7,'menu','/data-sync',NULL,'SyncOutline',7,1,1,'datasync:manage',NULL,NULL,NULL,NULL,'tab',NULL,'2026-06-21 18:43:25','2026-06-21 18:43:25'),(67,'数据字典','DataDict',7,'menu','/data-dictionary',NULL,'BookOutline',8,1,1,'dict:manage',NULL,NULL,NULL,NULL,'tab',NULL,'2026-06-21 18:43:25','2026-06-21 18:43:25'),(68,'行级安全','RlsConfig',7,'menu','/rls-config',NULL,'ShieldOutline',9,1,1,'rls:config',NULL,NULL,NULL,NULL,'tab',NULL,'2026-06-21 18:43:25','2026-06-21 18:43:25'),(70,'用户管理','User',8,'menu','/user',NULL,'PersonOutline',1,1,1,'user:manage',NULL,NULL,NULL,NULL,'tab',NULL,'2026-06-21 18:43:25','2026-06-21 18:43:25'),(71,'角色管理','Role',8,'menu','/role',NULL,'PeopleOutline',2,1,1,'role:manage',NULL,NULL,NULL,NULL,'tab',NULL,'2026-06-21 18:43:25','2026-06-21 18:43:25'),(72,'菜单管理','MenuManage',8,'menu','/menu-manage',NULL,'MenuOutline',3,1,1,'menu:manage',NULL,NULL,NULL,NULL,'tab',NULL,'2026-06-21 18:43:25','2026-06-21 18:43:25'),(73,'数据源管理','DataSource',8,'menu','/data-source',NULL,'ServerOutline',4,1,1,'data:source',NULL,NULL,NULL,NULL,'tab',NULL,'2026-06-21 18:43:25','2026-06-21 18:43:25'),(74,'操作日志','OperationLog',8,'menu','/operation-log',NULL,'DocumentTextOutline',5,1,1,'log:operation',NULL,NULL,NULL,NULL,'tab',NULL,'2026-06-21 18:43:25','2026-06-21 18:43:25'),(75,'公告管理','AnnouncementManage',8,'menu','/announcement-manage',NULL,'MegaphoneOutline',6,1,1,'announcement:manage',NULL,NULL,NULL,NULL,'tab',NULL,'2026-06-21 18:43:25','2026-06-21 18:43:25'),(76,'导出中心','ExportCenter',8,'menu','/export-center',NULL,'DownloadOutline',7,1,1,NULL,NULL,NULL,NULL,NULL,'tab',NULL,'2026-06-21 18:43:25','2026-06-21 18:43:25'),(78,'告警管理','AlertManage',8,'menu','/alert-manage',NULL,'WarningOutline',9,1,1,'system:monitor',NULL,NULL,NULL,NULL,'tab',NULL,'2026-06-21 18:43:25','2026-06-21 18:43:25'),(79,'慢查询分析','SlowQuery',8,'menu','/slow-query',NULL,'TimerOutline',10,1,1,'system:monitor',NULL,NULL,NULL,NULL,'tab',NULL,'2026-06-21 18:43:25','2026-06-21 18:43:25'),(80,'健康检查','HealthCheck',8,'menu','/health-check',NULL,'FitnessOutline',11,1,1,'system:monitor',NULL,NULL,NULL,NULL,'tab',NULL,'2026-06-21 18:43:25','2026-06-21 18:43:25'),(82,'数据字典','DataDictionary',8,'menu','/data-dictionary',NULL,'BookOutline',13,1,1,'dict:manage',NULL,NULL,NULL,NULL,'tab',NULL,'2026-06-21 18:43:25','2026-06-21 18:43:25'),(83,'系统配置','SystemConfig',8,'menu','/system-config',NULL,'SettingsOutline',14,1,1,'system:config',NULL,NULL,NULL,NULL,'tab',NULL,'2026-06-21 18:43:25','2026-06-21 18:43:25'),(84,'部门管理','DepartmentManage',8,'menu','/department-manage',NULL,'BusinessOutline',15,1,1,'department:manage',NULL,NULL,NULL,NULL,'tab',NULL,'2026-06-21 18:43:25','2026-06-21 18:43:25'),(85,'岗位管理','PostManage',8,'menu','/post',NULL,'BriefcaseOutline',16,1,1,'post:manage',NULL,NULL,NULL,NULL,'tab',NULL,'2026-06-21 18:43:25','2026-06-21 18:43:25'),(86,'登录日志','LoginLog',8,'menu','/login-log',NULL,'LogInOutline',17,1,1,'log:operation',NULL,NULL,NULL,NULL,'tab',NULL,'2026-06-21 18:43:25','2026-06-21 18:43:25'),(87,'消息通道','MessageChannel',8,'menu','/message-channel',NULL,'MailOutline',18,1,1,'system:config',NULL,NULL,NULL,NULL,'tab',NULL,'2026-06-21 18:43:25','2026-06-21 18:43:25'),(100,'个人工作台','Workspace',0,'menu','/workspace',NULL,'DesktopOutline',2,1,1,NULL,NULL,NULL,NULL,NULL,'tab',NULL,'2026-06-21 18:43:25','2026-06-21 18:43:25'),(101,'运维工具','OpsTools',0,'directory',NULL,NULL,'ConstructOutline',9,1,1,NULL,NULL,NULL,NULL,NULL,'tab',NULL,'2026-06-21 18:43:25','2026-06-21 18:43:25'),(102,'技术支持','TechSupport',0,'directory',NULL,NULL,'HelpCircleOutline',11,1,1,NULL,NULL,NULL,NULL,NULL,'tab',NULL,'2026-06-21 18:43:25','2026-06-21 18:43:25'),(111,'使用统计','UsageStats',101,'menu','/usage-stats',NULL,'StatsChartOutline',2,1,1,'usage:stats',NULL,NULL,NULL,NULL,'tab',NULL,'2026-06-21 18:43:25','2026-06-21 18:43:25'),(112,'在线升级','UpgradeManage',101,'menu','/upgrade-manage',NULL,'CloudUploadOutline',3,1,1,'upgrade:manage',NULL,NULL,NULL,NULL,'tab',NULL,'2026-06-21 18:43:25','2026-06-21 18:43:25'),(113,'运维管理','OpsManage',101,'menu','/ops-manage',NULL,'HammerOutline',4,1,1,'ops:manage',NULL,NULL,NULL,NULL,'tab',NULL,'2026-06-21 18:43:25','2026-06-21 18:43:25'),(120,'工单管理','TicketManage',102,'menu','/ticket-manage',NULL,'ReceiptOutline',1,1,1,'ticket:manage',NULL,NULL,NULL,NULL,'tab',NULL,'2026-06-21 18:43:25','2026-06-21 18:43:25'),(121,'知识库','KnowledgeBase',102,'menu','/knowledge-base',NULL,'LibraryOutline',2,1,1,'ticket:knowledge',NULL,NULL,NULL,NULL,'tab',NULL,'2026-06-21 18:43:25','2026-06-21 18:43:25'),(130,'即时通讯','Chat',0,'menu','/chat',NULL,'ChatbubbleEllipsesOutline',12,1,1,'chat:conversation',NULL,NULL,NULL,NULL,'tab',NULL,'2026-06-21 18:43:25','2026-06-21 18:43:25'),(131,'AI助手','ai-assistant',8,'permission',NULL,NULL,'sparkles',99,0,1,'ai:assistant',NULL,NULL,NULL,NULL,'tab',NULL,'2026-06-21 18:43:25','2026-06-21 18:43:25');
/*!40000 ALTER TABLE `sys_menu` ENABLE KEYS */;
UNLOCK TABLES;

LOCK TABLES `sys_role` WRITE;
/*!40000 ALTER TABLE `sys_role` DISABLE KEYS */;
INSERT INTO `sys_role` (`id`, `role_name`, `role_code`, `description`, `create_time`, `update_time`) VALUES (4,'超级管理员','admin','拥有所有权限','2026-06-21 18:43:25','2026-06-21 18:43:25'),(5,'普通用户','user','普通用户角色','2026-06-21 18:43:25','2026-06-21 18:43:25'),(6,'数据管理员','data_admin','数据管理权限','2026-06-21 18:43:25','2026-06-21 18:43:25');
/*!40000 ALTER TABLE `sys_role` ENABLE KEYS */;
UNLOCK TABLES;

LOCK TABLES `sys_role_permission` WRITE;
/*!40000 ALTER TABLE `sys_role_permission` DISABLE KEYS */;
INSERT INTO `sys_role_permission` (`id`, `role_id`, `permission_id`) VALUES (26,4,61),(27,4,60),(28,4,50),(29,4,49),(30,4,67),(31,4,36),(32,4,37),(33,4,38),(34,4,62),(35,4,68),(36,4,35),(37,4,70),(38,4,53),(39,4,39),(40,4,40),(41,4,41),(42,4,65),(43,4,63),(44,4,59),(45,4,57),(46,4,77),(47,4,52),(48,4,51),(49,4,43),(50,4,44),(51,4,45),(52,4,42),(53,4,66),(54,4,69),(55,4,48),(56,4,47),(57,4,46),(58,4,71),(59,4,72),(60,4,56),(61,4,64),(62,4,58),(63,4,54),(64,4,74),(65,4,73),(66,4,76),(67,4,75),(68,4,55);
/*!40000 ALTER TABLE `sys_role_permission` ENABLE KEYS */;
UNLOCK TABLES;

LOCK TABLES `sys_role_menu` WRITE;
/*!40000 ALTER TABLE `sys_role_menu` DISABLE KEYS */;
INSERT INTO `sys_role_menu` (`id`, `role_id`, `menu_id`) VALUES (71,4,1),(72,4,2),(73,4,3),(74,4,4),(75,4,5),(76,4,6),(77,4,7),(78,4,8),(79,4,9),(80,4,10),(81,4,11),(82,4,12),(83,4,20),(84,4,21),(85,4,22),(86,4,30),(87,4,31),(88,4,32),(89,4,40),(90,4,41),(91,4,42),(92,4,50),(93,4,51),(94,4,52),(95,4,53),(96,4,60),(97,4,61),(98,4,62),(99,4,63),(100,4,64),(101,4,65),(102,4,66),(103,4,67),(104,4,68),(105,4,70),(106,4,71),(107,4,72),(108,4,73),(109,4,74),(110,4,75),(111,4,76),(112,4,78),(113,4,79),(114,4,80),(115,4,81),(116,4,82),(117,4,83),(118,4,84),(119,4,85),(120,4,86),(121,4,87),(122,4,100),(123,4,101),(124,4,102),(125,4,111),(126,4,112),(127,4,113),(128,4,120),(129,4,121),(130,4,130);
/*!40000 ALTER TABLE `sys_role_menu` ENABLE KEYS */;
UNLOCK TABLES;

LOCK TABLES `sys_user` WRITE;
/*!40000 ALTER TABLE `sys_user` DISABLE KEYS */;
INSERT INTO `sys_user` (`id`, `username`, `password`, `nickname`, `email`, `avatar`, `dept_id`, `post_id`, `phone`, `gender`, `must_change_password`, `status`, `create_time`, `update_time`) VALUES (3,'admin','0192023a7bbd73250516f069df18b500','管理员','admin@example.com',NULL,NULL,NULL,NULL,0,0,1,'2026-06-21 18:43:25','2026-06-21 18:43:25');
/*!40000 ALTER TABLE `sys_user` ENABLE KEYS */;
UNLOCK TABLES;

LOCK TABLES `sys_user_role` WRITE;
/*!40000 ALTER TABLE `sys_user_role` DISABLE KEYS */;
INSERT INTO `sys_user_role` (`id`, `user_id`, `role_id`) VALUES (3,3,4);
/*!40000 ALTER TABLE `sys_user_role` ENABLE KEYS */;
UNLOCK TABLES;

LOCK TABLES `sys_dept` WRITE;
/*!40000 ALTER TABLE `sys_dept` DISABLE KEYS */;
INSERT INTO `sys_dept` (`id`, `parent_id`, `ancestors`, `dept_name`, `dept_code`, `leader_id`, `leader_name`, `phone`, `email`, `sort_order`, `status`, `del_flag`, `create_by`, `create_time`, `update_by`, `update_time`) VALUES (1,0,'0','总公司','HQ',NULL,NULL,NULL,NULL,1,1,0,NULL,'2026-01-20 22:54:50',NULL,NULL),(2,1,'0,1','技术部','TECH',NULL,NULL,NULL,NULL,1,1,0,NULL,'2026-01-20 22:54:50',NULL,NULL),(3,1,'0,1','人事部','PRODUCT',NULL,NULL,NULL,NULL,2,1,0,NULL,'2026-01-20 22:54:50',NULL,'2026-01-20 23:37:34'),(4,1,'0,1','财务部','OPERATION',NULL,NULL,NULL,NULL,3,1,0,NULL,'2026-01-20 22:54:50',NULL,'2026-01-20 23:37:34'),(5,2,'0,1,2','市场部','FRONTEND',NULL,NULL,NULL,NULL,1,1,0,NULL,'2026-01-20 22:54:50',NULL,'2026-01-20 23:37:34'),(6,2,'0,1,2','研发一组','BACKEND',NULL,NULL,NULL,NULL,2,1,0,NULL,'2026-01-20 22:54:50',NULL,'2026-01-20 23:37:34'),(7,2,'0,1,2','研发二组','QA',NULL,NULL,NULL,NULL,3,1,0,NULL,'2026-01-20 22:54:50',NULL,'2026-01-20 23:37:34'),(8,2,'0,1,2','测试组','TECH-QA',NULL,NULL,NULL,NULL,3,1,0,NULL,'2026-01-20 23:37:34',NULL,NULL);
/*!40000 ALTER TABLE `sys_dept` ENABLE KEYS */;
UNLOCK TABLES;

LOCK TABLES `sys_department` WRITE;
/*!40000 ALTER TABLE `sys_department` DISABLE KEYS */;
INSERT INTO `sys_department` (`id`, `dept_name`, `dept_code`, `parent_id`, `ancestors`, `leader`, `phone`, `email`, `sort_order`, `status`, `del_flag`, `create_time`, `update_time`) VALUES (1,'总公司','HQ',0,'0','admin',NULL,NULL,0,1,0,'2026-06-21 18:43:25','2026-06-21 18:43:25'),(2,'技术部','TECH',1,'0,1',NULL,NULL,NULL,1,1,0,'2026-06-21 18:43:25','2026-06-21 18:43:25'),(3,'数据部','DATA',1,'0,1',NULL,NULL,NULL,2,1,0,'2026-06-21 18:43:25','2026-06-21 18:43:25'),(4,'运维部','OPS',1,'0,1',NULL,NULL,NULL,3,1,0,'2026-06-21 18:43:25','2026-06-21 18:43:25');
/*!40000 ALTER TABLE `sys_department` ENABLE KEYS */;
UNLOCK TABLES;

LOCK TABLES `sys_post` WRITE;
/*!40000 ALTER TABLE `sys_post` DISABLE KEYS */;
INSERT INTO `sys_post` (`id`, `post_code`, `post_name`, `post_level`, `sort_order`, `status`, `remark`, `create_by`, `create_time`, `update_by`, `update_time`) VALUES (1,'CEO','董事长',1,1,1,'公司最高管理者',NULL,'2026-01-20 23:37:34',NULL,NULL),(2,'GM','总经理',2,2,1,'公司总经理',NULL,'2026-01-20 23:37:34',NULL,NULL),(3,'DIRECTOR','总监',3,3,1,'部门总监',NULL,'2026-01-20 23:37:34',NULL,NULL),(4,'MANAGER','经理',4,4,1,'部门经理',NULL,'2026-01-20 23:37:34',NULL,NULL),(5,'SUPERVISOR','主管',5,5,1,'团队主管',NULL,'2026-01-20 23:37:34',NULL,NULL),(6,'SENIOR','高级专员',6,6,1,'高级专员/高级工程师',NULL,'2026-01-20 23:37:34',NULL,NULL),(7,'STAFF','专员',7,7,1,'普通专员/工程师',NULL,'2026-01-20 23:37:34',NULL,NULL),(8,'ASSISTANT','助理',8,8,1,'助理',NULL,'2026-01-20 23:37:34',NULL,NULL),(9,'INTERN','实习生',9,9,1,'实习生',NULL,'2026-01-20 23:37:34',NULL,NULL);
/*!40000 ALTER TABLE `sys_post` ENABLE KEYS */;
UNLOCK TABLES;

LOCK TABLES `sys_position` WRITE;
/*!40000 ALTER TABLE `sys_position` DISABLE KEYS */;
INSERT INTO `sys_position` (`id`, `position_name`, `position_code`, `position_level`, `sort_order`, `status`, `remark`, `create_by`, `create_time`, `update_by`, `update_time`) VALUES (1,'总经理','CEO',10,1,1,NULL,NULL,'2026-01-20 22:54:50',NULL,NULL),(2,'副总经理','VP',9,2,1,NULL,NULL,'2026-01-20 22:54:50',NULL,NULL),(3,'总监','DIRECTOR',8,3,1,NULL,NULL,'2026-01-20 22:54:50',NULL,NULL),(4,'经理','MANAGER',7,4,1,NULL,NULL,'2026-01-20 22:54:50',NULL,NULL),(5,'主管','SUPERVISOR',6,5,1,NULL,NULL,'2026-01-20 22:54:50',NULL,NULL),(6,'高级工程师','SENIOR_ENGINEER',5,6,1,NULL,NULL,'2026-01-20 22:54:50',NULL,NULL),(7,'工程师','ENGINEER',4,7,1,NULL,NULL,'2026-01-20 22:54:50',NULL,NULL),(8,'助理工程师','ASSISTANT',3,8,1,NULL,NULL,'2026-01-20 22:54:50',NULL,NULL),(9,'实习生','INTERN',1,9,1,NULL,NULL,'2026-01-20 22:54:50',NULL,NULL);
/*!40000 ALTER TABLE `sys_position` ENABLE KEYS */;
UNLOCK TABLES;

LOCK TABLES `data_dictionary` WRITE;
/*!40000 ALTER TABLE `data_dictionary` DISABLE KEYS */;
INSERT INTO `data_dictionary` (`id`, `dict_type`, `dict_code`, `dict_label`, `dict_value`, `sort_order`, `is_default`, `status`, `remark`, `create_time`, `update_time`) VALUES (6,'db_type','mysql','MySQL','mysql',1,1,1,NULL,'2026-06-21 18:43:25','2026-06-21 18:43:25'),(7,'db_type','postgresql','PostgreSQL','postgresql',2,0,1,NULL,'2026-06-21 18:43:25','2026-06-21 18:43:25'),(8,'db_type','oracle','Oracle','oracle',3,0,1,NULL,'2026-06-21 18:43:25','2026-06-21 18:43:25'),(9,'db_type','sqlserver','SQL Server','sqlserver',4,0,1,NULL,'2026-06-21 18:43:25','2026-06-21 18:43:25'),(10,'chart_type','line','折线图','line',1,0,1,NULL,'2026-06-21 18:43:25','2026-06-21 18:43:25'),(11,'chart_type','bar','柱状图','bar',2,0,1,NULL,'2026-06-21 18:43:25','2026-06-21 18:43:25'),(12,'chart_type','pie','饼图','pie',3,0,1,NULL,'2026-06-21 18:43:25','2026-06-21 18:43:25'),(13,'chart_type','area','面积图','area',4,0,1,NULL,'2026-06-21 18:43:25','2026-06-21 18:43:25'),(14,'chart_type','scatter','散点图','scatter',5,0,1,NULL,'2026-06-21 18:43:25','2026-06-21 18:43:25');
/*!40000 ALTER TABLE `data_dictionary` ENABLE KEYS */;
UNLOCK TABLES;

LOCK TABLES `masking_rule` WRITE;
/*!40000 ALTER TABLE `masking_rule` DISABLE KEYS */;
INSERT INTO `masking_rule` (`id`, `name`, `data_source_id`, `table_name`, `field_name`, `field_pattern`, `sensitive_type`, `strategy_type`, `strategy_config`, `priority`, `enabled`, `description`, `create_time`, `update_time`, `create_by`, `update_by`) VALUES (1,'手机号脱敏',NULL,NULL,NULL,'(?i)(phone|mobile|tel|cellphone)','PHONE','MASK','{\"maskStart\": 3, \"maskEnd\": 4, \"maskChar\": \"*\"}',10,1,'手机号中间4位脱敏，如：138****8888','2026-02-21 18:47:52','2026-02-21 18:47:52',NULL,NULL),(2,'身份证号脱敏',NULL,NULL,NULL,'(?i)(idcard|id_card|identity|sfz)','ID_CARD','MASK','{\"maskStart\": 6, \"maskEnd\": 4, \"maskChar\": \"*\"}',10,1,'身份证号中间部分脱敏','2026-02-21 18:47:52','2026-02-21 18:47:52',NULL,NULL),(3,'银行卡号脱敏',NULL,NULL,NULL,'(?i)(bankcard|bank_card|cardno|card_no)','BANK_CARD','MASK','{\"maskStart\": 4, \"maskEnd\": 4, \"maskChar\": \"*\"}',10,1,'银行卡号中间部分脱敏','2026-02-21 18:47:52','2026-02-21 18:47:52',NULL,NULL),(4,'邮箱脱敏',NULL,NULL,NULL,'(?i)(email|mail)','EMAIL','MASK','{\"maskStart\": 3, \"maskEnd\": 0, \"maskChar\": \"*\", \"preserveDomain\": true}',10,1,'邮箱用户名部分脱敏','2026-02-21 18:47:52','2026-02-21 18:47:52',NULL,NULL),(5,'姓名脱敏',NULL,NULL,NULL,'(?i)(name|username|realname|real_name)','NAME','TRUNCATE','{\"keepLength\": 1, \"suffix\": \"*\"}',10,1,'姓名只显示第一个字','2026-02-21 18:47:52','2026-02-21 18:47:52',NULL,NULL),(6,'地址脱敏',NULL,NULL,NULL,'(?i)(address|addr)','ADDRESS','TRUNCATE','{\"keepLength\": 6, \"suffix\": \"***\"}',10,1,'地址只显示前6个字符','2026-02-21 18:47:52','2026-02-21 18:47:52',NULL,NULL),(7,'手机号脱敏',NULL,NULL,NULL,'(?i)(phone|mobile|tel|cellphone)','PHONE','MASK','{\"maskStart\": 3, \"maskEnd\": 4, \"maskChar\": \"*\"}',10,1,'手机号中间4位脱敏，如：138****8888','2026-02-21 18:56:52','2026-02-21 18:56:52',NULL,NULL),(8,'身份证号脱敏',NULL,NULL,NULL,'(?i)(idcard|id_card|identity|sfz)','ID_CARD','MASK','{\"maskStart\": 6, \"maskEnd\": 4, \"maskChar\": \"*\"}',10,1,'身份证号中间部分脱敏','2026-02-21 18:56:52','2026-02-21 18:56:52',NULL,NULL),(9,'银行卡号脱敏',NULL,NULL,NULL,'(?i)(bankcard|bank_card|cardno|card_no)','BANK_CARD','MASK','{\"maskStart\": 4, \"maskEnd\": 4, \"maskChar\": \"*\"}',10,1,'银行卡号中间部分脱敏','2026-02-21 18:56:52','2026-02-21 18:56:52',NULL,NULL),(10,'邮箱脱敏',NULL,NULL,NULL,'(?i)(email|mail)','EMAIL','MASK','{\"maskStart\": 3, \"maskEnd\": 0, \"maskChar\": \"*\", \"preserveDomain\": true}',10,1,'邮箱用户名部分脱敏','2026-02-21 18:56:52','2026-02-21 18:56:52',NULL,NULL),(11,'姓名脱敏',NULL,NULL,NULL,'(?i)(name|username|realname|real_name)','NAME','TRUNCATE','{\"keepLength\": 1, \"suffix\": \"*\"}',10,1,'姓名只显示第一个字','2026-02-21 18:56:52','2026-02-21 18:56:52',NULL,NULL),(12,'地址脱敏',NULL,NULL,NULL,'(?i)(address|addr)','ADDRESS','TRUNCATE','{\"keepLength\": 6, \"suffix\": \"***\"}',10,1,'地址只显示前6个字符','2026-02-21 18:56:52','2026-02-21 18:56:52',NULL,NULL);
/*!40000 ALTER TABLE `masking_rule` ENABLE KEYS */;
UNLOCK TABLES;

LOCK TABLES `report_template` WRITE;
/*!40000 ALTER TABLE `report_template` DISABLE KEYS */;
INSERT INTO `report_template` (`id`, `name`, `category`, `description`, `sql_template`, `fields_config`, `params_config`, `preview_image`, `is_system`, `creator_id`, `use_count`, `status`, `create_time`, `update_time`) VALUES (1,'销售日报表','sales','按日期统计销售数据，包含销售额、订单数、客单价等核心指标','SELECT \n    DATE(order_date) as sale_date,\n    COUNT(*) as order_count,\n    SUM(amount) as total_amount,\n    AVG(amount) as avg_amount,\n    COUNT(DISTINCT customer_id) as customer_count\nFROM orders \nWHERE order_date >= \'${startDate}\' AND order_date <= \'${endDate}\'\n    AND status = \'completed\'\nGROUP BY DATE(order_date)\nORDER BY sale_date DESC','[\n        {\"name\": \"sale_date\", \"label\": \"销售日期\", \"type\": \"date\", \"width\": 120},\n        {\"name\": \"order_count\", \"label\": \"订单数\", \"type\": \"number\", \"width\": 100},\n        {\"name\": \"total_amount\", \"label\": \"销售总额\", \"type\": \"number\", \"format\": \"currency\", \"width\": 120},\n        {\"name\": \"avg_amount\", \"label\": \"客单价\", \"type\": \"number\", \"format\": \"currency\", \"width\": 100},\n        {\"name\": \"customer_count\", \"label\": \"客户数\", \"type\": \"number\", \"width\": 100}\n    ]','[\n        {\"name\": \"startDate\", \"label\": \"开始日期\", \"type\": \"date\", \"required\": true, \"defaultValue\": \"today-30\"},\n        {\"name\": \"endDate\", \"label\": \"结束日期\", \"type\": \"date\", \"required\": true, \"defaultValue\": \"today\"}\n    ]',NULL,1,NULL,0,1,'2026-02-21 18:56:52','2026-02-21 18:56:52'),(2,'销售区域分析','sales','按区域统计销售业绩，支持多维度分析','SELECT \n    region,\n    COUNT(*) as order_count,\n    SUM(amount) as total_amount,\n    SUM(amount) / COUNT(*) as avg_order_amount,\n    COUNT(DISTINCT customer_id) as customer_count,\n    SUM(amount) / COUNT(DISTINCT customer_id) as avg_customer_value\nFROM orders o\nJOIN customers c ON o.customer_id = c.id\nWHERE order_date >= \'${startDate}\' AND order_date <= \'${endDate}\'\nGROUP BY region\nORDER BY total_amount DESC','[\n        {\"name\": \"region\", \"label\": \"区域\", \"type\": \"string\", \"width\": 100},\n        {\"name\": \"order_count\", \"label\": \"订单数\", \"type\": \"number\", \"width\": 100},\n        {\"name\": \"total_amount\", \"label\": \"销售总额\", \"type\": \"number\", \"format\": \"currency\", \"width\": 120},\n        {\"name\": \"avg_order_amount\", \"label\": \"平均订单金额\", \"type\": \"number\", \"format\": \"currency\", \"width\": 120},\n        {\"name\": \"customer_count\", \"label\": \"客户数\", \"type\": \"number\", \"width\": 100},\n        {\"name\": \"avg_customer_value\", \"label\": \"客户平均价值\", \"type\": \"number\", \"format\": \"currency\", \"width\": 120}\n    ]','[\n        {\"name\": \"startDate\", \"label\": \"开始日期\", \"type\": \"date\", \"required\": true},\n        {\"name\": \"endDate\", \"label\": \"结束日期\", \"type\": \"date\", \"required\": true}\n    ]',NULL,1,NULL,0,1,'2026-02-21 18:56:52','2026-02-21 18:56:52'),(3,'收支明细表','finance','按月统计收入和支出明细，计算净利润','SELECT \n    DATE_FORMAT(transaction_date, \'%Y-%m\') as month,\n    SUM(CASE WHEN type = \'income\' THEN amount ELSE 0 END) as income,\n    SUM(CASE WHEN type = \'expense\' THEN amount ELSE 0 END) as expense,\n    SUM(CASE WHEN type = \'income\' THEN amount ELSE -amount END) as net_profit,\n    COUNT(*) as transaction_count\nFROM financial_transactions\nWHERE transaction_date >= \'${startDate}\' AND transaction_date <= \'${endDate}\'\nGROUP BY DATE_FORMAT(transaction_date, \'%Y-%m\')\nORDER BY month DESC','[\n        {\"name\": \"month\", \"label\": \"月份\", \"type\": \"string\", \"width\": 100},\n        {\"name\": \"income\", \"label\": \"收入\", \"type\": \"number\", \"format\": \"currency\", \"width\": 120, \"style\": {\"color\": \"#52c41a\"}},\n        {\"name\": \"expense\", \"label\": \"支出\", \"type\": \"number\", \"format\": \"currency\", \"width\": 120, \"style\": {\"color\": \"#ff4d4f\"}},\n        {\"name\": \"net_profit\", \"label\": \"净利润\", \"type\": \"number\", \"format\": \"currency\", \"width\": 120},\n        {\"name\": \"transaction_count\", \"label\": \"交易笔数\", \"type\": \"number\", \"width\": 100}\n    ]','[\n        {\"name\": \"startDate\", \"label\": \"开始日期\", \"type\": \"date\", \"required\": true},\n        {\"name\": \"endDate\", \"label\": \"结束日期\", \"type\": \"date\", \"required\": true}\n    ]',NULL,1,NULL,0,1,'2026-02-21 18:56:52','2026-02-21 18:56:52'),(4,'应收账款报表','finance','统计应收账款情况，包含账龄分析','SELECT \n    c.name as customer_name,\n    SUM(ar.amount) as total_receivable,\n    SUM(CASE WHEN DATEDIFF(NOW(), ar.due_date) <= 30 THEN ar.amount ELSE 0 END) as within_30_days,\n    SUM(CASE WHEN DATEDIFF(NOW(), ar.due_date) > 30 AND DATEDIFF(NOW(), ar.due_date) <= 60 THEN ar.amount ELSE 0 END) as days_31_60,\n    SUM(CASE WHEN DATEDIFF(NOW(), ar.due_date) > 60 AND DATEDIFF(NOW(), ar.due_date) <= 90 THEN ar.amount ELSE 0 END) as days_61_90,\n    SUM(CASE WHEN DATEDIFF(NOW(), ar.due_date) > 90 THEN ar.amount ELSE 0 END) as over_90_days\nFROM accounts_receivable ar\nJOIN customers c ON ar.customer_id = c.id\nWHERE ar.status = \'pending\'\nGROUP BY c.id, c.name\nORDER BY total_receivable DESC','[\n        {\"name\": \"customer_name\", \"label\": \"客户名称\", \"type\": \"string\", \"width\": 150},\n        {\"name\": \"total_receivable\", \"label\": \"应收总额\", \"type\": \"number\", \"format\": \"currency\", \"width\": 120},\n        {\"name\": \"within_30_days\", \"label\": \"30天内\", \"type\": \"number\", \"format\": \"currency\", \"width\": 100},\n        {\"name\": \"days_31_60\", \"label\": \"31-60天\", \"type\": \"number\", \"format\": \"currency\", \"width\": 100},\n        {\"name\": \"days_61_90\", \"label\": \"61-90天\", \"type\": \"number\", \"format\": \"currency\", \"width\": 100},\n        {\"name\": \"over_90_days\", \"label\": \"90天以上\", \"type\": \"number\", \"format\": \"currency\", \"width\": 100, \"style\": {\"color\": \"#ff4d4f\"}}\n    ]','[]',NULL,1,NULL,0,1,'2026-02-21 18:56:52','2026-02-21 18:56:52'),(5,'用户活跃度分析','operation','分析用户活跃情况，包含DAU、MAU等指标','SELECT \n    DATE(login_time) as date,\n    COUNT(DISTINCT user_id) as dau,\n    COUNT(*) as login_count,\n    AVG(session_duration) as avg_session_duration,\n    SUM(page_views) as total_page_views\nFROM user_activities\nWHERE login_time >= \'${startDate}\' AND login_time <= \'${endDate}\'\nGROUP BY DATE(login_time)\nORDER BY date DESC','[\n        {\"name\": \"date\", \"label\": \"日期\", \"type\": \"date\", \"width\": 120},\n        {\"name\": \"dau\", \"label\": \"日活用户\", \"type\": \"number\", \"width\": 100},\n        {\"name\": \"login_count\", \"label\": \"登录次数\", \"type\": \"number\", \"width\": 100},\n        {\"name\": \"avg_session_duration\", \"label\": \"平均会话时长(秒)\", \"type\": \"number\", \"width\": 140},\n        {\"name\": \"total_page_views\", \"label\": \"页面浏览量\", \"type\": \"number\", \"width\": 120}\n    ]','[\n        {\"name\": \"startDate\", \"label\": \"开始日期\", \"type\": \"date\", \"required\": true},\n        {\"name\": \"endDate\", \"label\": \"结束日期\", \"type\": \"date\", \"required\": true}\n    ]',NULL,1,NULL,0,1,'2026-02-21 18:56:52','2026-02-21 18:56:52'),(6,'订单转化漏斗','operation','分析订单转化各环节数据','SELECT \n    \'浏览商品\' as stage, COUNT(DISTINCT user_id) as user_count, 100.0 as conversion_rate\nFROM product_views WHERE view_time >= \'${startDate}\' AND view_time <= \'${endDate}\'\nUNION ALL\nSELECT \n    \'加入购物车\' as stage, COUNT(DISTINCT user_id) as user_count, \n    COUNT(DISTINCT user_id) * 100.0 / (SELECT COUNT(DISTINCT user_id) FROM product_views WHERE view_time >= \'${startDate}\' AND view_time <= \'${endDate}\') as conversion_rate\nFROM cart_items WHERE add_time >= \'${startDate}\' AND add_time <= \'${endDate}\'\nUNION ALL\nSELECT \n    \'提交订单\' as stage, COUNT(DISTINCT user_id) as user_count,\n    COUNT(DISTINCT user_id) * 100.0 / (SELECT COUNT(DISTINCT user_id) FROM product_views WHERE view_time >= \'${startDate}\' AND view_time <= \'${endDate}\') as conversion_rate\nFROM orders WHERE order_date >= \'${startDate}\' AND order_date <= \'${endDate}\'\nUNION ALL\nSELECT \n    \'完成支付\' as stage, COUNT(DISTINCT user_id) as user_count,\n    COUNT(DISTINCT user_id) * 100.0 / (SELECT COUNT(DISTINCT user_id) FROM product_views WHERE view_time >= \'${startDate}\' AND view_time <= \'${endDate}\') as conversion_rate\nFROM orders WHERE order_date >= \'${startDate}\' AND order_date <= \'${endDate}\' AND status = \'paid\'','[\n        {\"name\": \"stage\", \"label\": \"转化阶段\", \"type\": \"string\", \"width\": 120},\n        {\"name\": \"user_count\", \"label\": \"用户数\", \"type\": \"number\", \"width\": 100},\n        {\"name\": \"conversion_rate\", \"label\": \"转化率(%)\", \"type\": \"number\", \"format\": \"percent\", \"width\": 100}\n    ]','[\n        {\"name\": \"startDate\", \"label\": \"开始日期\", \"type\": \"date\", \"required\": true},\n        {\"name\": \"endDate\", \"label\": \"结束日期\", \"type\": \"date\", \"required\": true}\n    ]',NULL,1,NULL,0,1,'2026-02-21 18:56:52','2026-02-21 18:56:52'),(7,'库存盘点表','inventory','当前库存状态汇总，包含库存预警','SELECT \n    p.product_code,\n    p.product_name,\n    p.category,\n    i.quantity as current_stock,\n    i.safety_stock,\n    CASE \n        WHEN i.quantity <= 0 THEN \'缺货\'\n        WHEN i.quantity < i.safety_stock * 0.5 THEN \'严重不足\'\n        WHEN i.quantity < i.safety_stock THEN \'库存预警\'\n        ELSE \'正常\'\n    END as stock_status,\n    i.unit_cost,\n    i.quantity * i.unit_cost as stock_value\nFROM inventory i\nJOIN products p ON i.product_id = p.id\nWHERE (\'${category}\' = \'\' OR p.category = \'${category}\')\nORDER BY \n    CASE \n        WHEN i.quantity <= 0 THEN 1\n        WHEN i.quantity < i.safety_stock * 0.5 THEN 2\n        WHEN i.quantity < i.safety_stock THEN 3\n        ELSE 4\n    END,\n    p.product_name','[\n        {\"name\": \"product_code\", \"label\": \"商品编码\", \"type\": \"string\", \"width\": 120},\n        {\"name\": \"product_name\", \"label\": \"商品名称\", \"type\": \"string\", \"width\": 150},\n        {\"name\": \"category\", \"label\": \"分类\", \"type\": \"string\", \"width\": 100},\n        {\"name\": \"current_stock\", \"label\": \"当前库存\", \"type\": \"number\", \"width\": 100},\n        {\"name\": \"safety_stock\", \"label\": \"安全库存\", \"type\": \"number\", \"width\": 100},\n        {\"name\": \"stock_status\", \"label\": \"库存状态\", \"type\": \"string\", \"width\": 100},\n        {\"name\": \"unit_cost\", \"label\": \"单位成本\", \"type\": \"number\", \"format\": \"currency\", \"width\": 100},\n        {\"name\": \"stock_value\", \"label\": \"库存价值\", \"type\": \"number\", \"format\": \"currency\", \"width\": 120}\n    ]','[\n        {\"name\": \"category\", \"label\": \"商品分类\", \"type\": \"string\", \"required\": false, \"defaultValue\": \"\"}\n    ]',NULL,1,NULL,0,1,'2026-02-21 18:56:52','2026-02-21 18:56:52'),(8,'出入库明细','inventory','库存变动明细记录','SELECT \n    DATE(m.movement_date) as date,\n    p.product_code,\n    p.product_name,\n    m.movement_type,\n    m.quantity,\n    m.reference_no,\n    m.remark\nFROM inventory_movements m\nJOIN products p ON m.product_id = p.id\nWHERE m.movement_date >= \'${startDate}\' AND m.movement_date <= \'${endDate}\'\n    AND (\'${movementType}\' = \'\' OR m.movement_type = \'${movementType}\')\nORDER BY m.movement_date DESC, m.id DESC','[\n        {\"name\": \"date\", \"label\": \"日期\", \"type\": \"date\", \"width\": 120},\n        {\"name\": \"product_code\", \"label\": \"商品编码\", \"type\": \"string\", \"width\": 120},\n        {\"name\": \"product_name\", \"label\": \"商品名称\", \"type\": \"string\", \"width\": 150},\n        {\"name\": \"movement_type\", \"label\": \"变动类型\", \"type\": \"string\", \"width\": 100},\n        {\"name\": \"quantity\", \"label\": \"数量\", \"type\": \"number\", \"width\": 100},\n        {\"name\": \"reference_no\", \"label\": \"关联单号\", \"type\": \"string\", \"width\": 150},\n        {\"name\": \"remark\", \"label\": \"备注\", \"type\": \"string\", \"width\": 200}\n    ]','[\n        {\"name\": \"startDate\", \"label\": \"开始日期\", \"type\": \"date\", \"required\": true},\n        {\"name\": \"endDate\", \"label\": \"结束日期\", \"type\": \"date\", \"required\": true},\n        {\"name\": \"movementType\", \"label\": \"变动类型\", \"type\": \"select\", \"required\": false, \"options\": [{\"value\": \"\", \"label\": \"全部\"}, {\"value\": \"in\", \"label\": \"入库\"}, {\"value\": \"out\", \"label\": \"出库\"}]}\n    ]',NULL,1,NULL,0,1,'2026-02-21 18:56:52','2026-02-21 18:56:52'),(9,'员工花名册','hr','员工基本信息汇总','SELECT \n    e.employee_no,\n    e.name,\n    d.department_name,\n    e.position,\n    e.entry_date,\n    TIMESTAMPDIFF(MONTH, e.entry_date, NOW()) as tenure_months,\n    e.status\nFROM employees e\nJOIN departments d ON e.department_id = d.id\nWHERE (${departmentId} = 0 OR e.department_id = ${departmentId})\n    AND (\'${status}\' = \'\' OR e.status = \'${status}\')\nORDER BY d.department_name, e.employee_no','[\n        {\"name\": \"employee_no\", \"label\": \"工号\", \"type\": \"string\", \"width\": 100},\n        {\"name\": \"name\", \"label\": \"姓名\", \"type\": \"string\", \"width\": 100},\n        {\"name\": \"department_name\", \"label\": \"部门\", \"type\": \"string\", \"width\": 120},\n        {\"name\": \"position\", \"label\": \"职位\", \"type\": \"string\", \"width\": 120},\n        {\"name\": \"entry_date\", \"label\": \"入职日期\", \"type\": \"date\", \"width\": 120},\n        {\"name\": \"tenure_months\", \"label\": \"在职月数\", \"type\": \"number\", \"width\": 100},\n        {\"name\": \"status\", \"label\": \"状态\", \"type\": \"string\", \"width\": 80}\n    ]','[\n        {\"name\": \"departmentId\", \"label\": \"部门\", \"type\": \"number\", \"required\": false, \"defaultValue\": 0},\n        {\"name\": \"status\", \"label\": \"状态\", \"type\": \"select\", \"required\": false, \"options\": [{\"value\": \"\", \"label\": \"全部\"}, {\"value\": \"active\", \"label\": \"在职\"}, {\"value\": \"resigned\", \"label\": \"离职\"}]}\n    ]',NULL,1,NULL,0,1,'2026-02-21 18:56:52','2026-02-21 18:56:52'),(10,'考勤统计表','hr','员工考勤数据统计','SELECT \n    e.employee_no,\n    e.name,\n    d.department_name,\n    COUNT(CASE WHEN a.status = \'normal\' THEN 1 END) as normal_days,\n    COUNT(CASE WHEN a.status = \'late\' THEN 1 END) as late_days,\n    COUNT(CASE WHEN a.status = \'early_leave\' THEN 1 END) as early_leave_days,\n    COUNT(CASE WHEN a.status = \'absent\' THEN 1 END) as absent_days,\n    SUM(a.overtime_hours) as total_overtime_hours\nFROM employees e\nJOIN departments d ON e.department_id = d.id\nLEFT JOIN attendance a ON e.id = a.employee_id \n    AND a.attendance_date >= \'${startDate}\' AND a.attendance_date <= \'${endDate}\'\nWHERE (${departmentId} = 0 OR e.department_id = ${departmentId})\nGROUP BY e.id, e.employee_no, e.name, d.department_name\nORDER BY d.department_name, e.employee_no','[\n        {\"name\": \"employee_no\", \"label\": \"工号\", \"type\": \"string\", \"width\": 100},\n        {\"name\": \"name\", \"label\": \"姓名\", \"type\": \"string\", \"width\": 100},\n        {\"name\": \"department_name\", \"label\": \"部门\", \"type\": \"string\", \"width\": 120},\n        {\"name\": \"normal_days\", \"label\": \"正常出勤\", \"type\": \"number\", \"width\": 100},\n        {\"name\": \"late_days\", \"label\": \"迟到\", \"type\": \"number\", \"width\": 80},\n        {\"name\": \"early_leave_days\", \"label\": \"早退\", \"type\": \"number\", \"width\": 80},\n        {\"name\": \"absent_days\", \"label\": \"缺勤\", \"type\": \"number\", \"width\": 80},\n        {\"name\": \"total_overtime_hours\", \"label\": \"加班时长\", \"type\": \"number\", \"width\": 100}\n    ]','[\n        {\"name\": \"startDate\", \"label\": \"开始日期\", \"type\": \"date\", \"required\": true},\n        {\"name\": \"endDate\", \"label\": \"结束日期\", \"type\": \"date\", \"required\": true},\n        {\"name\": \"departmentId\", \"label\": \"部门\", \"type\": \"number\", \"required\": false, \"defaultValue\": 0}\n    ]',NULL,1,NULL,0,1,'2026-02-21 18:56:52','2026-02-21 18:56:52');
/*!40000 ALTER TABLE `report_template` ENABLE KEYS */;
UNLOCK TABLES;

LOCK TABLES `style_template` WRITE;
/*!40000 ALTER TABLE `style_template` DISABLE KEYS */;
INSERT INTO `style_template` (`id`, `name`, `category`, `description`, `is_system`, `column_styles`, `conditional_rules`, `table_style`, `preview_image`, `created_by`, `use_count`, `status`, `create_time`, `update_time`) VALUES (1,'财务报表标准样式','finance','适用于财务报表，负数显示为红色括号格式，数值保留两位小数',1,'{\"amount|money|price|cost|revenue|profit\":{\"fieldPattern\":\"amount|money|price|cost|revenue|profit\",\"fieldType\":\"number\",\"defaultStyle\":{\"font\":{\"family\":\"Arial\"},\"alignment\":{\"horizontal\":\"right\"},\"format\":{\"type\":\"number\",\"config\":{\"decimalPlaces\":2,\"useThousandsSeparator\":true,\"negativeFormat\":\"redParentheses\"}}}}}','[{\"id\":\"negative-red\",\"name\":\"负数红色\",\"priority\":1,\"enabled\":true,\"condition\":{\"type\":\"value\",\"config\":{\"operator\":\"lt\",\"value\":0}},\"style\":{\"font\":{\"color\":\"#ff4d4f\"}}}]','{\"headerStyle\":{\"font\":{\"weight\":\"bold\",\"color\":\"#ffffff\"},\"background\":{\"type\":\"solid\",\"color\":\"#1890ff\"},\"alignment\":{\"horizontal\":\"center\"}},\"bodyStyle\":{\"font\":{\"size\":12},\"border\":{\"all\":{\"style\":\"solid\",\"width\":1,\"color\":\"#e8e8e8\"}}},\"alternateRowStyle\":{\"background\":{\"type\":\"solid\",\"color\":\"#fafafa\"}},\"borderStyle\":\"all\"}',NULL,NULL,0,1,'2026-02-21 18:47:52','2026-02-21 18:47:52'),(2,'销售仪表盘样式','sales','适用于销售报表，包含目标达成率色阶和同比环比箭头指示',1,'{\"rate|ratio|percent\":{\"fieldPattern\":\"rate|ratio|percent\",\"fieldType\":\"number\",\"defaultStyle\":{\"alignment\":{\"horizontal\":\"center\"},\"format\":{\"type\":\"number\",\"config\":{\"asPercentage\":true,\"decimalPlaces\":1}}}}}','[{\"id\":\"achievement-high\",\"name\":\"达成率高\",\"priority\":1,\"enabled\":true,\"condition\":{\"type\":\"value\",\"config\":{\"operator\":\"gte\",\"value\":1}},\"style\":{\"font\":{\"color\":\"#52c41a\"},\"background\":{\"type\":\"solid\",\"color\":\"#f6ffed\"}}},{\"id\":\"achievement-medium\",\"name\":\"达成率中\",\"priority\":2,\"enabled\":true,\"condition\":{\"type\":\"value\",\"config\":{\"operator\":\"gte\",\"value\":0.7}},\"style\":{\"font\":{\"color\":\"#faad14\"},\"background\":{\"type\":\"solid\",\"color\":\"#fffbe6\"}}},{\"id\":\"achievement-low\",\"name\":\"达成率低\",\"priority\":3,\"enabled\":true,\"condition\":{\"type\":\"value\",\"config\":{\"operator\":\"lt\",\"value\":0.7}},\"style\":{\"font\":{\"color\":\"#ff4d4f\"},\"background\":{\"type\":\"solid\",\"color\":\"#fff2f0\"}}}]','{\"headerStyle\":{\"font\":{\"weight\":\"bold\"},\"background\":{\"type\":\"solid\",\"color\":\"#f0f5ff\"}},\"bodyStyle\":{},\"borderStyle\":\"horizontal\"}',NULL,NULL,0,1,'2026-02-21 18:47:52','2026-02-21 18:47:52'),(3,'库存预警样式','inventory','适用于库存报表，包含库存预警红黄绿灯指示',1,'{\"stock|quantity|inventory\":{\"fieldPattern\":\"stock|quantity|inventory\",\"fieldType\":\"number\",\"defaultStyle\":{\"alignment\":{\"horizontal\":\"right\"},\"format\":{\"type\":\"number\",\"config\":{\"decimalPlaces\":0,\"useThousandsSeparator\":true}}}}}','[{\"id\":\"stock-danger\",\"name\":\"库存危险\",\"priority\":1,\"enabled\":true,\"condition\":{\"type\":\"formula\",\"config\":{\"expression\":\"${stock} < ${safetyStock} * 0.5\"}},\"style\":{\"background\":{\"type\":\"solid\",\"color\":\"#ff4d4f\"},\"font\":{\"color\":\"#ffffff\"}}},{\"id\":\"stock-warning\",\"name\":\"库存预警\",\"priority\":2,\"enabled\":true,\"condition\":{\"type\":\"formula\",\"config\":{\"expression\":\"${stock} < ${safetyStock}\"}},\"style\":{\"background\":{\"type\":\"solid\",\"color\":\"#faad14\"}}},{\"id\":\"stock-normal\",\"name\":\"库存正常\",\"priority\":3,\"enabled\":true,\"condition\":{\"type\":\"formula\",\"config\":{\"expression\":\"${stock} >= ${safetyStock}\"}},\"style\":{\"background\":{\"type\":\"solid\",\"color\":\"#52c41a\"},\"font\":{\"color\":\"#ffffff\"}}}]','{\"headerStyle\":{\"font\":{\"weight\":\"bold\"},\"background\":{\"type\":\"solid\",\"color\":\"#e6f7ff\"}},\"bodyStyle\":{},\"borderStyle\":\"all\"}',NULL,NULL,0,1,'2026-02-21 18:47:52','2026-02-21 18:47:52'),(4,'KPI仪表盘样式','kpi','适用于KPI仪表盘，包含进度条和星级评分样式',1,'{\"score|rating\":{\"fieldPattern\":\"score|rating\",\"fieldType\":\"number\",\"defaultStyle\":{\"alignment\":{\"horizontal\":\"center\"}}},\"progress|completion\":{\"fieldPattern\":\"progress|completion\",\"fieldType\":\"number\",\"defaultStyle\":{\"alignment\":{\"horizontal\":\"center\"},\"format\":{\"type\":\"number\",\"config\":{\"asPercentage\":true,\"decimalPlaces\":0}}}}}','[{\"id\":\"kpi-excellent\",\"name\":\"优秀\",\"priority\":1,\"enabled\":true,\"condition\":{\"type\":\"value\",\"config\":{\"operator\":\"gte\",\"value\":0.9}},\"style\":{\"font\":{\"color\":\"#52c41a\",\"weight\":\"bold\"}}},{\"id\":\"kpi-good\",\"name\":\"良好\",\"priority\":2,\"enabled\":true,\"condition\":{\"type\":\"value\",\"config\":{\"operator\":\"gte\",\"value\":0.7}},\"style\":{\"font\":{\"color\":\"#1890ff\"}}},{\"id\":\"kpi-warning\",\"name\":\"警告\",\"priority\":3,\"enabled\":true,\"condition\":{\"type\":\"value\",\"config\":{\"operator\":\"gte\",\"value\":0.5}},\"style\":{\"font\":{\"color\":\"#faad14\"}}},{\"id\":\"kpi-danger\",\"name\":\"危险\",\"priority\":4,\"enabled\":true,\"condition\":{\"type\":\"value\",\"config\":{\"operator\":\"lt\",\"value\":0.5}},\"style\":{\"font\":{\"color\":\"#ff4d4f\"}}}]','{\"headerStyle\":{\"font\":{\"weight\":\"bold\",\"size\":14},\"background\":{\"type\":\"solid\",\"color\":\"#f5f5f5\"},\"alignment\":{\"horizontal\":\"center\"}},\"bodyStyle\":{\"font\":{\"size\":13}},\"borderStyle\":\"horizontal\",\"borderColor\":\"#e8e8e8\"}',NULL,NULL,0,1,'2026-02-21 18:47:52','2026-02-21 18:47:52'),(5,'财务报表标准样式','finance','适用于财务报表，负数显示为红色括号格式，数值保留两位小数',1,'{\"amount|money|price|cost|revenue|profit\":{\"fieldPattern\":\"amount|money|price|cost|revenue|profit\",\"fieldType\":\"number\",\"defaultStyle\":{\"font\":{\"family\":\"Arial\"},\"alignment\":{\"horizontal\":\"right\"},\"format\":{\"type\":\"number\",\"config\":{\"decimalPlaces\":2,\"useThousandsSeparator\":true,\"negativeFormat\":\"redParentheses\"}}}}}','[{\"id\":\"negative-red\",\"name\":\"负数红色\",\"priority\":1,\"enabled\":true,\"condition\":{\"type\":\"value\",\"config\":{\"operator\":\"lt\",\"value\":0}},\"style\":{\"font\":{\"color\":\"#ff4d4f\"}}}]','{\"headerStyle\":{\"font\":{\"weight\":\"bold\",\"color\":\"#ffffff\"},\"background\":{\"type\":\"solid\",\"color\":\"#1890ff\"},\"alignment\":{\"horizontal\":\"center\"}},\"bodyStyle\":{\"font\":{\"size\":12},\"border\":{\"all\":{\"style\":\"solid\",\"width\":1,\"color\":\"#e8e8e8\"}}},\"alternateRowStyle\":{\"background\":{\"type\":\"solid\",\"color\":\"#fafafa\"}},\"borderStyle\":\"all\"}',NULL,NULL,0,1,'2026-02-21 18:56:52','2026-02-21 18:56:52'),(6,'销售仪表盘样式','sales','适用于销售报表，包含目标达成率色阶和同比环比箭头指示',1,'{\"rate|ratio|percent\":{\"fieldPattern\":\"rate|ratio|percent\",\"fieldType\":\"number\",\"defaultStyle\":{\"alignment\":{\"horizontal\":\"center\"},\"format\":{\"type\":\"number\",\"config\":{\"asPercentage\":true,\"decimalPlaces\":1}}}}}','[{\"id\":\"achievement-high\",\"name\":\"达成率高\",\"priority\":1,\"enabled\":true,\"condition\":{\"type\":\"value\",\"config\":{\"operator\":\"gte\",\"value\":1}},\"style\":{\"font\":{\"color\":\"#52c41a\"},\"background\":{\"type\":\"solid\",\"color\":\"#f6ffed\"}}},{\"id\":\"achievement-medium\",\"name\":\"达成率中\",\"priority\":2,\"enabled\":true,\"condition\":{\"type\":\"value\",\"config\":{\"operator\":\"gte\",\"value\":0.7}},\"style\":{\"font\":{\"color\":\"#faad14\"},\"background\":{\"type\":\"solid\",\"color\":\"#fffbe6\"}}},{\"id\":\"achievement-low\",\"name\":\"达成率低\",\"priority\":3,\"enabled\":true,\"condition\":{\"type\":\"value\",\"config\":{\"operator\":\"lt\",\"value\":0.7}},\"style\":{\"font\":{\"color\":\"#ff4d4f\"},\"background\":{\"type\":\"solid\",\"color\":\"#fff2f0\"}}}]','{\"headerStyle\":{\"font\":{\"weight\":\"bold\"},\"background\":{\"type\":\"solid\",\"color\":\"#f0f5ff\"}},\"bodyStyle\":{},\"borderStyle\":\"horizontal\"}',NULL,NULL,0,1,'2026-02-21 18:56:52','2026-02-21 18:56:52'),(7,'库存预警样式','inventory','适用于库存报表，包含库存预警红黄绿灯指示',1,'{\"stock|quantity|inventory\":{\"fieldPattern\":\"stock|quantity|inventory\",\"fieldType\":\"number\",\"defaultStyle\":{\"alignment\":{\"horizontal\":\"right\"},\"format\":{\"type\":\"number\",\"config\":{\"decimalPlaces\":0,\"useThousandsSeparator\":true}}}}}','[{\"id\":\"stock-danger\",\"name\":\"库存危险\",\"priority\":1,\"enabled\":true,\"condition\":{\"type\":\"formula\",\"config\":{\"expression\":\"${stock} < ${safetyStock} * 0.5\"}},\"style\":{\"background\":{\"type\":\"solid\",\"color\":\"#ff4d4f\"},\"font\":{\"color\":\"#ffffff\"}}},{\"id\":\"stock-warning\",\"name\":\"库存预警\",\"priority\":2,\"enabled\":true,\"condition\":{\"type\":\"formula\",\"config\":{\"expression\":\"${stock} < ${safetyStock}\"}},\"style\":{\"background\":{\"type\":\"solid\",\"color\":\"#faad14\"}}},{\"id\":\"stock-normal\",\"name\":\"库存正常\",\"priority\":3,\"enabled\":true,\"condition\":{\"type\":\"formula\",\"config\":{\"expression\":\"${stock} >= ${safetyStock}\"}},\"style\":{\"background\":{\"type\":\"solid\",\"color\":\"#52c41a\"},\"font\":{\"color\":\"#ffffff\"}}}]','{\"headerStyle\":{\"font\":{\"weight\":\"bold\"},\"background\":{\"type\":\"solid\",\"color\":\"#e6f7ff\"}},\"bodyStyle\":{},\"borderStyle\":\"all\"}',NULL,NULL,0,1,'2026-02-21 18:56:52','2026-02-21 18:56:52'),(8,'KPI仪表盘样式','kpi','适用于KPI仪表盘，包含进度条和星级评分样式',1,'{\"score|rating\":{\"fieldPattern\":\"score|rating\",\"fieldType\":\"number\",\"defaultStyle\":{\"alignment\":{\"horizontal\":\"center\"}}},\"progress|completion\":{\"fieldPattern\":\"progress|completion\",\"fieldType\":\"number\",\"defaultStyle\":{\"alignment\":{\"horizontal\":\"center\"},\"format\":{\"type\":\"number\",\"config\":{\"asPercentage\":true,\"decimalPlaces\":0}}}}}','[{\"id\":\"kpi-excellent\",\"name\":\"优秀\",\"priority\":1,\"enabled\":true,\"condition\":{\"type\":\"value\",\"config\":{\"operator\":\"gte\",\"value\":0.9}},\"style\":{\"font\":{\"color\":\"#52c41a\",\"weight\":\"bold\"}}},{\"id\":\"kpi-good\",\"name\":\"良好\",\"priority\":2,\"enabled\":true,\"condition\":{\"type\":\"value\",\"config\":{\"operator\":\"gte\",\"value\":0.7}},\"style\":{\"font\":{\"color\":\"#1890ff\"}}},{\"id\":\"kpi-warning\",\"name\":\"警告\",\"priority\":3,\"enabled\":true,\"condition\":{\"type\":\"value\",\"config\":{\"operator\":\"gte\",\"value\":0.5}},\"style\":{\"font\":{\"color\":\"#faad14\"}}},{\"id\":\"kpi-danger\",\"name\":\"危险\",\"priority\":4,\"enabled\":true,\"condition\":{\"type\":\"value\",\"config\":{\"operator\":\"lt\",\"value\":0.5}},\"style\":{\"font\":{\"color\":\"#ff4d4f\"}}}]','{\"headerStyle\":{\"font\":{\"weight\":\"bold\",\"size\":14},\"background\":{\"type\":\"solid\",\"color\":\"#f5f5f5\"},\"alignment\":{\"horizontal\":\"center\"}},\"bodyStyle\":{\"font\":{\"size\":13}},\"borderStyle\":\"horizontal\",\"borderColor\":\"#e8e8e8\"}',NULL,NULL,0,1,'2026-02-21 18:56:52','2026-02-21 18:56:52');
/*!40000 ALTER TABLE `style_template` ENABLE KEYS */;
UNLOCK TABLES;

LOCK TABLES `subscription_plan` WRITE;
/*!40000 ALTER TABLE `subscription_plan` DISABLE KEYS */;
INSERT INTO `subscription_plan` (`id`, `plan_name`, `plan_code`, `description`, `plan_type`, `monthly_price`, `yearly_price`, `max_users`, `max_data_sources`, `max_storage_mb`, `features`, `quota_config`, `sort_order`, `enabled`, `create_time`, `update_time`) VALUES (1,'免费版','free',NULL,'FREE',0.00,0.00,5,2,1024,NULL,NULL,1,1,'2026-02-21 18:56:52','2026-02-21 18:56:52'),(2,'基础版','basic',NULL,'BASIC',99.00,999.00,20,5,5120,NULL,NULL,2,1,'2026-02-21 18:56:52','2026-02-21 18:56:52'),(3,'专业版','pro',NULL,'PRO',299.00,2999.00,50,20,20480,NULL,NULL,3,1,'2026-02-21 18:56:52','2026-02-21 18:56:52'),(4,'企业版','enterprise',NULL,'ENTERPRISE',999.00,9999.00,0,0,0,NULL,NULL,4,1,'2026-02-21 18:56:52','2026-02-21 18:56:52');
/*!40000 ALTER TABLE `subscription_plan` ENABLE KEYS */;
UNLOCK TABLES;

LOCK TABLES `tenant` WRITE;
/*!40000 ALTER TABLE `tenant` DISABLE KEYS */;
INSERT INTO `tenant` (`id`, `tenant_code`, `tenant_name`, `domain`, `logo_url`, `status`, `isolation_mode`, `database_config`, `admin_user_id`, `contact_name`, `contact_phone`, `contact_email`, `trial_start_time`, `trial_end_time`, `subscription_plan_id`, `subscription_start_time`, `subscription_end_time`, `remark`, `create_time`, `update_time`, `create_by`, `update_by`, `deleted`) VALUES (1,'default','默认租户',NULL,NULL,1,'SHARED',NULL,NULL,NULL,NULL,NULL,NULL,NULL,NULL,NULL,NULL,'系统默认租户','2026-02-21 18:56:52','2026-02-21 18:56:52',NULL,NULL,0);
/*!40000 ALTER TABLE `tenant` ENABLE KEYS */;
UNLOCK TABLES;

LOCK TABLES `sys_notification_template` WRITE;
/*!40000 ALTER TABLE `sys_notification_template` DISABLE KEYS */;
INSERT INTO `sys_notification_template` (`id`, `template_code`, `template_name`, `channel`, `notification_type`, `subject`, `content`, `variables`, `is_enabled`, `create_time`, `update_time`) VALUES (1,'alert_default','默认告警模板','all','alert','[${alertLevel}] ${ruleName}','告警规则: ${ruleName}\n告警级别: ${alertLevel}\n指标名称: ${metricName}\n当前值: ${currentValue}\n阈值: ${threshold}\n时间: ${timestamp}','[\"alertLevel\",\"ruleName\",\"metricName\",\"currentValue\",\"threshold\",\"timestamp\"]',1,'2026-02-21 18:43:05','2026-02-21 18:43:05'),(2,'export_complete','导出完成模板','all','export','导出完成: ${taskName}','您的导出任务\"${taskName}\"已完成，共${totalRows}行数据，可前往导出中心下载。','[\"taskName\",\"totalRows\"]',1,'2026-02-21 18:43:05','2026-02-21 18:43:05'),(3,'task_failure','任务失败模板','all','task','任务失败: ${taskName}','任务\"${taskName}\"执行失败。\n错误信息: ${errorMessage}\n时间: ${timestamp}','[\"taskName\",\"errorMessage\",\"timestamp\"]',1,'2026-02-21 18:43:05','2026-02-21 18:43:05');
/*!40000 ALTER TABLE `sys_notification_template` ENABLE KEYS */;
UNLOCK TABLES;

LOCK TABLES `wf_process_definition` WRITE;
/*!40000 ALTER TABLE `wf_process_definition` DISABLE KEYS */;
INSERT INTO `wf_process_definition` (`id`, `process_key`, `process_name`, `category`, `icon`, `description`, `process_config`, `form_config`, `version`, `status`, `create_by`, `create_time`, `update_by`, `update_time`) VALUES (1,'leave_apply','请假申请','hr','CalendarOutline','员工请假申请流程',NULL,NULL,1,1,NULL,'2026-01-20 22:54:50',NULL,NULL),(2,'expense_claim','费用报销','finance','CashOutline','费用报销申请流程',NULL,NULL,1,1,NULL,'2026-01-20 22:54:50',NULL,NULL),(3,'purchase_apply','采购申请','purchase','CartOutline','物资采购申请流程',NULL,NULL,1,1,NULL,'2026-01-20 22:54:50',NULL,NULL),(4,'overtime_apply','加班申请','hr','TimeOutline','加班申请流程，需经直属领导审批',NULL,NULL,1,1,NULL,'2026-01-20 23:37:34',NULL,NULL);
/*!40000 ALTER TABLE `wf_process_definition` ENABLE KEYS */;
UNLOCK TABLES;

LOCK TABLES `wf_approval_rule` WRITE;
/*!40000 ALTER TABLE `wf_approval_rule` DISABLE KEYS */;
INSERT INTO `wf_approval_rule` (`id`, `process_id`, `node_id`, `node_name`, `rule_type`, `rule_value`, `level_offset`, `is_skip_same`, `is_countersign`, `sort_order`, `create_time`, `update_time`) VALUES (1,1,'node_leader','??????','INITIATOR_LEADER',NULL,1,0,0,1,'2026-06-21 19:24:51',NULL),(2,1,'node_manager','??????','POST_LEVEL','4',1,0,0,2,'2026-06-21 19:24:51',NULL),(3,2,'node_leader','??????','INITIATOR_LEADER',NULL,1,0,0,1,'2026-06-21 19:24:51',NULL),(4,2,'node_finance','????','ROLE','6',1,0,0,2,'2026-06-21 19:24:51',NULL),(5,3,'node_manager','??????','POST_LEVEL','4',1,0,0,1,'2026-06-21 19:24:51',NULL),(6,3,'node_director','????','POST_LEVEL','3',1,0,0,2,'2026-06-21 19:24:51',NULL),(7,4,'node_leader','??????','INITIATOR_LEADER',NULL,1,0,0,1,'2026-06-21 19:24:51',NULL);
/*!40000 ALTER TABLE `wf_approval_rule` ENABLE KEYS */;
UNLOCK TABLES;
/*!40103 SET TIME_ZONE=@OLD_TIME_ZONE */;

/*!40101 SET SQL_MODE=@OLD_SQL_MODE */;
/*!40014 SET FOREIGN_KEY_CHECKS=@OLD_FOREIGN_KEY_CHECKS */;
/*!40014 SET UNIQUE_CHECKS=@OLD_UNIQUE_CHECKS */;
/*!40101 SET CHARACTER_SET_CLIENT=@OLD_CHARACTER_SET_CLIENT */;
/*!40101 SET CHARACTER_SET_RESULTS=@OLD_CHARACTER_SET_RESULTS */;
/*!40101 SET COLLATION_CONNECTION=@OLD_COLLATION_CONNECTION */;
/*!40111 SET SQL_NOTES=@OLD_SQL_NOTES */;


